{
 "1": [
  {
   "x": 1776.7400918446128,
   "y": 193.33007455025958,
   "z": 214.00252818865224,
   "vx": 40.21899673778375,
   "vy": 1.617877043315142,
   "Theta": 0.08,
   "Phi": -0.010000000000000044,
   "Chi": 0.010000000000000044,
   "vz": 8.9060902686867
  }
 ],
 "2": [
  {
   "x": 1777.1423107874534,
   "y": 193.3462667526711,
   "z": 214.0915945316627,
   "vx": 40.2247918303339,
   "vy": 1.6151899456942123,
   "Theta": 0.08,
   "Phi": -0.010000000000000044,
   "Chi": 0.010000000000000044,
   "vz": 8.905002077294318
  }
 ],
 "3": [
  {
   "x": 1777.5445877007412,
   "y": 193.3624590824836,
   "z": 214.18066087310268,
   "vx": 40.23059082723287,
   "vy": 1.6125283282655958,
   "Theta": 0.08,
   "Phi": -0.010000000000000044,
   "Chi": 0.010000000000000044,
   "vz": 8.903913571804054
  }
 ],
 "4": [
  {
   "x": 1777.9469226232216,
   "y": 193.3786515398321,
   "z": 214.2697272129737,
   "vx": 40.23639366882812,
   "vy": 1.609892218034553,
   "Theta": 0.08,
   "Phi": -0.010000000000000044,
   "Chi": 0.010000000000000044,
   "vz": 8.902824752518933
  }
 ],
 "5": [
  {
   "x": 1778.3493155930496,
   "y": 193.39484412478853,
   "z": 214.35879355127784,
   "vx": 40.24220029675958,
   "vy": 1.6072816293918046,
   "Theta": 0.08,
   "Phi": -0.010000000000000044,
   "Chi": 0.010000000000000044,
   "vz": 8.90173561986533
  }
 ],
 "6": [
  {
   "x": 1778.7517666477966,
   "y": 193.4110368374236,
   "z": 214.4478598880173,
   "vx": 40.24801065263413,
   "vy": 1.6046965764752241,
   "Theta": 0.08,
   "Phi": -0.010000000000000044,
   "Chi": 0.010000000000000044,
   "vz": 8.900646174272675
  }
 ],
 "7": [
  {
   "x": 1779.1542758244498,
   "y": 193.42722967780676,
   "z": 214.53692622319423,
   "vx": 40.253824678025566,
   "vy": 1.602137073175421,
   "Theta": 0.08,
   "Phi": -0.010000000000000044,
   "Chi": 0.010000000000000044,
   "vz": 8.899556416173404
  }
 ],
 "8": [
  {
   "x": 1779.5568431594122,
   "y": 193.4434226460062,
   "z": 214.62599255681081,
   "vx": 40.25964231447509,
   "vy": 1.5996031331354073,
   "Theta": 0.08,
   "Phi": -0.010000000000000044,
   "Chi": 0.010000000000000044,
   "vz": 8.89846634600295
  }
 ],
 "9": [
  {
   "x": 1779.959468688502,
   "y": 193.45961574208894,
   "z": 214.71505888886924,
   "vx": 40.26546350349185,
   "vy": 1.5970947697502633,
   "Theta": 0.08,
   "Phi": -0.010000000000000044,
   "Chi": 0.010000000000000044,
   "vz": 8.897375964199743
  }
 ],
 "10": [
  {
   "x": 1780.3621524469522,
   "y": 193.47580896612067,
   "z": 214.80412521937168,
   "vx": 40.271288186553484,
   "vy": 1.5946119961668046,
   "Theta": 0.08,
   "Phi": -0.010000000000000044,
   "Chi": 0.010000000000000044,
   "vz": 8.896285271205207
  }
 ]
}