{
 "1": [
  {
   "x": 61.141067677952115,
   "y": 0.0,
   "z": 1.0000000000000001e-07,
   "vx": 17.918787849778592,
   "vy": 0.0,
   "Theta": 0.15,
   "Phi": 0.0,
   "vz": 1e-05
  }
 ],
 "2": [
  {
   "x": 61.32038336661475,
   "y": 0.0,
   "z": 2.0000000000000002e-07,
   "vx": 17.944349882747662,
   "vy": 0.0,
   "Theta": 0.15,
   "Phi": 0.0,
   "vz": 1e-05
  }
 ],
 "3": [
  {
   "x": 61.49995465552893,
   "y": 0.0,
   "z": 3.0000000000000004e-07,
   "vx": 17.969907900089133,
   "vy": 0.0,
   "Theta": 0.15,
   "Phi": 0.0,
   "vz": 1e-05
  }
 ],
 "4": [
  {
   "x": 61.67978150450973,
   "y": 0.0,
   "z": 4.0000000000000003e-07,
   "vx": 17.995461896070427,
   "vy": 0.0,
   "Theta": 0.15,
   "Phi": 0.0,
   "vz": 1e-05
  }
 ],
 "5": [
  {
   "x": 61.85986387331804,
   "y": 0.0,
   "z": 5.000000000000001e-07,
   "vx": 18.021011865592047,
   "vy": 0.0,
   "Theta": 0.15,
   "Phi": 0.0,
   "vz": 1e-05
  }
 ],
 "6": [
  {
   "x": 62.04020172166379,
   "y": 0.0,
   "z": 6.000000000000001e-07,
   "vx": 18.0465578035581,
   "vy": 0.0,
   "Theta": 0.15,
   "Phi": 0.0,
   "vz": 1e-05
  }
 ],
 "7": [
  {
   "x": 62.220795009205965,
   "y": 0.0,
   "z": 7.000000000000001e-07,
   "vx": 18.072099704876194,
   "vy": 0.0,
   "Theta": 0.15,
   "Phi": 0.0,
   "vz": 1e-05
  }
 ],
 "8": [
  {
   "x": 62.40164369555263,
   "y": 0.0,
   "z": 8.000000000000001e-07,
   "vx": 18.09763756445747,
   "vy": 0.0,
   "Theta": 0.15,
   "Phi": 0.0,
   "vz": 1e-05
  }
 ],
 "9": [
  {
   "x": 62.582747740261,
   "y": 0.0,
   "z": 9.000000000000001e-07,
   "vx": 18.123171377216583,
   "vy": 0.0,
   "Theta": 0.15,
   "Phi": 0.0,
   "vz": 1e-05
  }
 ],
 "10": [
  {
   "x": 62.764107102837436,
   "y": 0.0,
   "z": 1.0000000000000002e-06,
   "vx": 18.148701138071697,
   "vy": 0.0,
   "Theta": 0.15,
   "Phi": 0.0,
   "vz": 1e-05
  }
 ]
}