{
 "1": [
  {
   "x": 347.7045118481871,
   "y": 0.0,
   "z": 5.229417384009992,
   "vx": 30.854416289717456,
   "vy": 0.0,
   "Theta": -0.34,
   "Phi": 0.16,
   "vz": 4.11616053561888
  }
 ],
 "2": [
  {
   "x": 348.01306197648967,
   "y": 0.0,
   "z": 5.270528288088669,
   "vx": 30.85560937078869,
   "vy": 0.0,
   "Theta": -0.34,
   "Phi": 0.16,
   "vz": 4.126302536798791
  }
 ],
 "3": [
  {
   "x": 348.32162401569343,
   "y": 0.0,
   "z": 5.31163920040286,
   "vx": 30.85679846996958,
   "vy": 0.0,
   "Theta": -0.34,
   "Phi": 0.16,
   "vz": 4.136446185081305
  }
 ],
 "4": [
  {
   "x": 348.630197925968,
   "y": 0.0,
   "z": 5.352750120957379,
   "vx": 30.857983584932267,
   "vy": 0.0,
   "Theta": -0.34,
   "Phi": 0.16,
   "vz": 4.146591481429334
  }
 ],
 "5": [
  {
   "x": 348.938783667474,
   "y": 0.0,
   "z": 5.393861049750998,
   "vx": 30.85916471626981,
   "vy": 0.0,
   "Theta": -0.34,
   "Phi": 0.16,
   "vz": 4.1567384255975615
  }
 ],
 "6": [
  {
   "x": 349.24738120037824,
   "y": 0.0,
   "z": 5.434971986782488,
   "vx": 30.86034186457713,
   "vy": 0.0,
   "Theta": -0.34,
   "Phi": 0.16,
   "vz": 4.1668870173399
  }
 ],
 "7": [
  {
   "x": 349.55599048485334,
   "y": 0.0,
   "z": 5.476082932050623,
   "vx": 30.86151503044645,
   "vy": 0.0,
   "Theta": -0.34,
   "Phi": 0.16,
   "vz": 4.177037256411376
  }
 ],
 "8": [
  {
   "x": 349.86461148107793,
   "y": 0.0,
   "z": 5.517193885554185,
   "vx": 30.862684214467297,
   "vy": 0.0,
   "Theta": -0.34,
   "Phi": 0.16,
   "vz": 4.187189142568133
  }
 ],
 "9": [
  {
   "x": 350.17324414923644,
   "y": 0.0,
   "z": 5.55830484729196,
   "vx": 30.86384941722649,
   "vy": 0.0,
   "Theta": -0.34,
   "Phi": 0.16,
   "vz": 4.197342675567435
  }
 ],
 "10": [
  {
   "x": 350.4818884495191,
   "y": 0.0,
   "z": 5.599415817262739,
   "vx": 30.865010639308156,
   "vy": 0.0,
   "Theta": -0.34,
   "Phi": 0.16,
   "vz": 4.207497855167657
  }
 ]
}