{
 "1": [
  {
   "x": 70.32628113156679,
   "y": 0.0,
   "z": 0.007992600000000013,
   "vx": 22.30183970697185,
   "vy": 0.0,
   "Theta": -0.015,
   "Phi": 0.0,
   "Chi": 0.0,
   "vz": 0.002310000000000005
  }
 ],
 "2": [
  {
   "x": 70.54947166316396,
   "y": 0.0,
   "z": 0.008015700000000013,
   "vx": 22.336266612461905,
   "vy": 0.0,
   "Theta": -0.015,
   "Phi": 0.0,
   "Chi": 0.0,
   "vz": 0.002310000000000005
  }
 ],
 "3": [
  {
   "x": 70.77300643391303,
   "y": 0.0,
   "z": 0.008038800000000013,
   "vx": 22.370687537351557,
   "vy": 0.0,
   "Theta": -0.015,
   "Phi": 0.0,
   "Chi": 0.0,
   "vz": 0.002310000000000005
  }
 ],
 "4": [
  {
   "x": 70.99688538396178,
   "y": 0.0,
   "z": 0.008061900000000012,
   "vx": 22.405102472401545,
   "vy": 0.0,
   "Theta": -0.015,
   "Phi": 0.0,
   "Chi": 0.0,
   "vz": 0.002310000000000005
  }
 ],
 "5": [
  {
   "x": 71.22110845337087,
   "y": 0.0,
   "z": 0.008085000000000012,
   "vx": 22.43951140941556,
   "vy": 0.0,
   "Theta": -0.015,
   "Phi": 0.0,
   "Chi": 0.0,
   "vz": 0.002310000000000005
  }
 ],
 "6": [
  {
   "x": 71.44567558211897,
   "y": 0.0,
   "z": 0.008108100000000012,
   "vx": 22.473914340203713,
   "vy": 0.0,
   "Theta": -0.015,
   "Phi": 0.0,
   "Chi": 0.0,
   "vz": 0.002310000000000005
  }
 ],
 "7": [
  {
   "x": 71.6705867101029,
   "y": 0.0,
   "z": 0.008131200000000012,
   "vx": 22.508311256582385,
   "vy": 0.0,
   "Theta": -0.015,
   "Phi": 0.0,
   "Chi": 0.0,
   "vz": 0.002310000000000005
  }
 ],
 "8": [
  {
   "x": 71.89584177713768,
   "y": 0.0,
   "z": 0.008154300000000012,
   "vx": 22.542702150374208,
   "vy": 0.0,
   "Theta": -0.015,
   "Phi": 0.0,
   "Chi": 0.0,
   "vz": 0.002310000000000005
  }
 ],
 "9": [
  {
   "x": 72.12144072295659,
   "y": 0.0,
   "z": 0.008177400000000012,
   "vx": 22.577087013408082,
   "vy": 0.0,
   "Theta": -0.015,
   "Phi": 0.0,
   "Chi": 0.0,
   "vz": 0.002310000000000005
  }
 ],
 "10": [
  {
   "x": 72.34738348721123,
   "y": 0.0,
   "z": 0.008200500000000012,
   "vx": 22.611465837519187,
   "vy": 0.0,
   "Theta": -0.015,
   "Phi": 0.0,
   "Chi": 0.0,
   "vz": 0.002310000000000005
  }
 ]
}