{
 "1": [
  {
   "x": -1.1525735454545492e-09,
   "y": 0.0,
   "vx": -1.7305909090909238e-10,
   "vy": 0.0
  }
 ],
 "2": [
  {
   "x": -1.15430413636364e-09,
   "y": 0.0,
   "vx": -1.7305909090909238e-10,
   "vy": 0.0
  }
 ],
 "3": [
  {
   "x": -1.1560347272727309e-09,
   "y": 0.0,
   "vx": -1.7305909090909238e-10,
   "vy": 0.0
  }
 ],
 "4": [
  {
   "x": -1.1577653181818217e-09,
   "y": 0.0,
   "vx": -1.7305909090909238e-10,
   "vy": 0.0
  }
 ],
 "5": [
  {
   "x": -1.1594959090909125e-09,
   "y": 0.0,
   "vx": -1.7305909090909238e-10,
   "vy": 0.0
  }
 ],
 "6": [
  {
   "x": -1.1612265000000034e-09,
   "y": 0.0,
   "vx": -1.7305909090909238e-10,
   "vy": 0.0
  }
 ],
 "7": [
  {
   "x": -1.1629570909090942e-09,
   "y": 0.0,
   "vx": -1.7305909090909238e-10,
   "vy": 0.0
  }
 ],
 "8": [
  {
   "x": -1.164687681818185e-09,
   "y": 0.0,
   "vx": -1.7305909090909238e-10,
   "vy": 0.0
  }
 ],
 "9": [
  {
   "x": -1.1664182727272758e-09,
   "y": 0.0,
   "vx": -1.7305909090909238e-10,
   "vy": 0.0
  }
 ],
 "10": [
  {
   "x": -1.1681488636363667e-09,
   "y": 0.0,
   "vx": -1.7305909090909238e-10,
   "vy": 0.0
  }
 ],
 "11": [
  {
   "x": -1.1698794545454575e-09,
   "y": 0.0,
   "vx": -1.7305909090909238e-10,
   "vy": 0.0
  }
 ],
 "12": [
  {
   "x": -1.1716100454545483e-09,
   "y": 0.0,
   "vx": -1.7305909090909238e-10,
   "vy": 0.0
  }
 ],
 "13": [
  {
   "x": -1.1733406363636391e-09,
   "y": 0.0,
   "vx": -1.7305909090909238e-10,
   "vy": 0.0
  }
 ],
 "14": [
  {
   "x": -1.17507122727273e-09,
   "y": 0.0,
   "vx": -1.7305909090909238e-10,
   "vy": 0.0
  }
 ],
 "15": [
  {
   "x": -1.1768018181818208e-09,
   "y": 0.0,
   "vx": -1.7305909090909238e-10,
   "vy": 0.0
  }
 ],
 "16": [
  {
   "x": -1.1785324090909116e-09,
   "y": 0.0,
   "vx": -1.7305909090909238e-10,
   "vy": 0.0
  }
 ],
 "17": [
  {
   "x": -1.1802630000000024e-09,
   "y": 0.0,
   "vx": -1.7305909090909238e-10,
   "vy": 0.0
  }
 ],
 "18": [
  {
   "x": -1.1819935909090932e-09,
   "y": 0.0,
   "vx": -1.7305909090909238e-10,
   "vy": 0.0
  }
 ],
 "19": [
  {
   "x": -1.183724181818184e-09,
   "y": 0.0,
   "vx": -1.7305909090909238e-10,
   "vy": 0.0
  }
 ],
 "20": [
  {
   "x": -1.1854547727272749e-09,
   "y": 0.0,
   "vx": -1.7305909090909238e-10,
   "vy": 0.0
  }
 ],
 "21": [
  {
   "x": -1.1871853636363657e-09,
   "y": 0.0,
   "vx": -1.7305909090909238e-10,
   "vy": 0.0
  }
 ],
 "22": [
  {
   "x": -1.1889159545454565e-09,
   "y": 0.0,
   "vx": -1.7305909090909238e-10,
   "vy": 0.0
  }
 ],
 "23": [
  {
   "x": -1.1906465454545474e-09,
   "y": 0.0,
   "vx": -1.7305909090909238e-10,
   "vy": 0.0
  }
 ],
 "24": [
  {
   "x": -1.1923771363636382e-09,
   "y": 0.0,
   "vx": -1.7305909090909238e-10,
   "vy": 0.0
  }
 ],
 "25": [
  {
   "x": -1.194107727272729e-09,
   "y": 0.0,
   "vx": -1.7305909090909238e-10,
   "vy": 0.0
  }
 ],
 "26": [
  {
   "x": -1.1958383181818198e-09,
   "y": 0.0,
   "vx": -1.7305909090909238e-10,
   "vy": 0.0
  }
 ],
 "27": [
  {
   "x": -1.1975689090909107e-09,
   "y": 0.0,
   "vx": -1.7305909090909238e-10,
   "vy": 0.0
  }
 ],
 "28": [
  {
   "x": -1.1992995000000015e-09,
   "y": 0.0,
   "vx": -1.7305909090909238e-10,
   "vy": 0.0
  }
 ],
 "29": [
  {
   "x": -1.2010300909090923e-09,
   "y": 0.0,
   "vx": -1.7305909090909238e-10,
   "vy": 0.0
  }
 ],
 "30": [
  {
   "x": -1.2027606818181831e-09,
   "y": 0.0,
   "vx": -1.7305909090909238e-10,
   "vy": 0.0
  }
 ]
}