{
 "1": [
  {
   "x": 977.8807345613508,
   "y": -38.21155192759076,
   "z": -717.1793188870084,
   "vx": 35.55036946023047,
   "vy": 5.273791469716594,
   "Theta": 0.09,
   "Phi": -2.7755575615628914e-17,
   "vz": -27.007012405945197
  }
 ],
 "2": [
  {
   "x": 978.2361175141215,
   "y": -38.15901899481297,
   "z": -717.4493890110679,
   "vx": 35.52622109391827,
   "vy": 5.314817087938135,
   "Theta": 0.09,
   "Phi": -2.7755575615628914e-17,
   "vz": -27.007012405945197
  }
 ],
 "3": [
  {
   "x": 978.5912584294654,
   "y": -38.10648657590646,
   "z": -717.7194591351273,
   "vx": 35.5019619748588,
   "vy": 5.355739931902819,
   "Theta": 0.09,
   "Phi": -2.7755575615628914e-17,
   "vz": -27.007012405945197
  }
 ],
 "4": [
  {
   "x": 978.9461562020642,
   "y": -38.0539546733212,
   "z": -717.9895292591867,
   "vx": 35.4775925449323,
   "vy": 5.39655951161787,
   "Theta": 0.09,
   "Phi": -2.7755575615628914e-17,
   "vz": -27.007012405945197
  }
 ],
 "5": [
  {
   "x": 979.3008097309419,
   "y": -38.001423289010994,
   "z": -718.2595993832462,
   "vx": 35.45311323060517,
   "vy": 5.43727543632191,
   "Theta": 0.09,
   "Phi": -2.7755575615628914e-17,
   "vz": -27.007012405945197
  }
 ],
 "6": [
  {
   "x": 979.6552179193923,
   "y": -37.94889242491848,
   "z": -718.5296695073056,
   "vx": 35.42852445946153,
   "vy": 5.477887317487353,
   "Theta": 0.09,
   "Phi": -2.7755575615628914e-17,
   "vz": -27.007012405945197
  }
 ],
 "7": [
  {
   "x": 980.0093796749906,
   "y": -37.89636208297552,
   "z": -718.799739631365,
   "vx": 35.4038266602052,
   "vy": 5.518394768743362,
   "Theta": 0.09,
   "Phi": -2.7755575615628914e-17,
   "vz": -27.007012405945197
  }
 ],
 "8": [
  {
   "x": 980.3632939096049,
   "y": -37.84383226510316,
   "z": -719.0698097554244,
   "vx": 35.379020262647806,
   "vy": 5.558797405879593,
   "Theta": 0.09,
   "Phi": -2.7755575615628914e-17,
   "vz": -27.007012405945197
  }
 ],
 "9": [
  {
   "x": 980.7169595394065,
   "y": -37.79130297321162,
   "z": -719.3398798794839,
   "vx": 35.354105697696866,
   "vy": 5.59909484684993,
   "Theta": 0.09,
   "Phi": -2.7755575615628914e-17,
   "vz": -27.007012405945197
  }
 ],
 "10": [
  {
   "x": 981.0703754848817,
   "y": -37.73877420920031,
   "z": -719.6099500035433,
   "vx": 35.32908339734386,
   "vy": 5.6392867117761405,
   "Theta": 0.09,
   "Phi": -2.7755575615628914e-17,
   "vz": -27.007012405945197
  }
 ]
}