{
 "1": [
  {
   "x": 129.29701395837068,
   "y": 0.0,
   "vx": 40.40123142033083,
   "vy": 0.0
  }
 ],
 "2": [
  {
   "x": 129.70197127487498,
   "y": 0.0,
   "vx": 40.46423157373015,
   "vy": 0.0
  }
 ],
 "3": [
  {
   "x": 130.10755856312758,
   "y": 0.0,
   "vx": 40.52722974141806,
   "vy": 0.0
  }
 ],
 "4": [
  {
   "x": 130.51377580322594,
   "y": 0.0,
   "vx": 40.59022592036326,
   "vy": 0.0
  }
 ],
 "5": [
  {
   "x": 130.92062297523714,
   "y": 0.0,
   "vx": 40.653220107534835,
   "vy": 0.0
  }
 ],
 "6": [
  {
   "x": 131.328100059198,
   "y": 0.0,
   "vx": 40.716212299902274,
   "vy": 0.0
  }
 ],
 "7": [
  {
   "x": 131.736207035115,
   "y": 0.0,
   "vx": 40.779202494435445,
   "vy": 0.0
  }
 ],
 "8": [
  {
   "x": 132.14494388296438,
   "y": 0.0,
   "vx": 40.84219068810461,
   "vy": 0.0
  }
 ],
 "9": [
  {
   "x": 132.55431058269207,
   "y": 0.0,
   "vx": 40.905176877880415,
   "vy": 0.0
  }
 ],
 "10": [
  {
   "x": 132.96430711421368,
   "y": 0.0,
   "vx": 40.968161060733905,
   "vy": 0.0
  }
 ],
 "11": [
  {
   "x": 133.37493345741456,
   "y": 0.0,
   "vx": 41.03114323363652,
   "vy": 0.0
  }
 ],
 "12": [
  {
   "x": 133.78618959214978,
   "y": 0.0,
   "vx": 41.09412339356008,
   "vy": 0.0
  }
 ],
 "13": [
  {
   "x": 134.19807549824412,
   "y": 0.0,
   "vx": 41.15710153747681,
   "vy": 0.0
  }
 ],
 "14": [
  {
   "x": 134.61059115549213,
   "y": 0.0,
   "vx": 41.22007766235932,
   "vy": 0.0
  }
 ],
 "15": [
  {
   "x": 135.02373654365803,
   "y": 0.0,
   "vx": 41.28305176518062,
   "vy": 0.0
  }
 ],
 "16": [
  {
   "x": 135.43751164247584,
   "y": 0.0,
   "vx": 41.346023842914114,
   "vy": 0.0
  }
 ],
 "17": [
  {
   "x": 135.85191643164927,
   "y": 0.0,
   "vx": 41.4089938925336,
   "vy": 0.0
  }
 ],
 "18": [
  {
   "x": 136.2669508908518,
   "y": 0.0,
   "vx": 41.471961911013274,
   "vy": 0.0
  }
 ],
 "19": [
  {
   "x": 136.68261499972664,
   "y": 0.0,
   "vx": 41.53492789532772,
   "vy": 0.0
  }
 ],
 "20": [
  {
   "x": 137.09890873788677,
   "y": 0.0,
   "vx": 41.59789184245193,
   "vy": 0.0
  }
 ],
 "21": [
  {
   "x": 137.51583208491493,
   "y": 0.0,
   "vx": 41.66085374936129,
   "vy": 0.0
  }
 ],
 "22": [
  {
   "x": 137.9333850203636,
   "y": 0.0,
   "vx": 41.723813613031574,
   "vy": 0.0
  }
 ],
 "23": [
  {
   "x": 138.35156752375502,
   "y": 0.0,
   "vx": 41.786771430438975,
   "vy": 0.0
  }
 ],
 "24": [
  {
   "x": 138.77037957458126,
   "y": 0.0,
   "vx": 41.84972719856007,
   "vy": 0.0
  }
 ],
 "25": [
  {
   "x": 139.189821152304,
   "y": 1.5564843535693206e-06,
   "vx": 41.91268091437184,
   "vy": 0.00010376562357128805
  }
 ],
 "26": [
  {
   "x": 139.60989223272242,
   "y": 8.585737658889768e-06,
   "vx": 41.975632332686125,
   "vy": 0.0005032054282117926
  }
 ],
 "27": [
  {
   "x": 140.0305927824393,
   "y": 2.4051006237557272e-05,
   "vx": 42.03858075868792,
   "vy": 0.0011987530479817643
  }
 ],
 "28": [
  {
   "x": 140.45192276104777,
   "y": 5.091982318642563e-05,
   "vx": 42.101525493461125,
   "vy": 0.0021908388125851455
  }
 ],
 "29": [
  {
   "x": 140.87388212109033,
   "y": 9.216397497137222e-05,
   "vx": 42.16446583399073,
   "vy": 0.0034798897231914875
  }
 ],
 "30": [
  {
   "x": 141.29647080801786,
   "y": 0.00015075946777837556,
   "vx": 42.22740107316528,
   "vy": 0.005066329428197385
  }
 ]
}