{
 "1": [
  {
   "x": 880.3553559294966,
   "y": 154.19919968569442,
   "z": 0.11797099999999867,
   "vx": 41.3360494264847,
   "vy": 15.64013169047814,
   "Theta": -0.06499999999999995,
   "Phi": 0.0,
   "Chi": 0.0,
   "vz": 0.008869999999999807
  }
 ],
 "2": [
  {
   "x": 880.7686983334149,
   "y": 154.35567019943667,
   "z": 0.11805969999999867,
   "vx": 41.33243135720825,
   "vy": 15.626313354778688,
   "Theta": -0.06499999999999995,
   "Phi": 0.0,
   "Chi": 0.0,
   "vz": 0.008869999999999807
  }
 ],
 "3": [
  {
   "x": 881.1820047059274,
   "y": 154.51214068942488,
   "z": 0.11814839999999867,
   "vx": 41.32884314529386,
   "vy": 15.612490268276218,
   "Theta": -0.06499999999999995,
   "Phi": 0.0,
   "Chi": 0.0,
   "vz": 0.008869999999999807
  }
 ],
 "4": [
  {
   "x": 881.5952753455477,
   "y": 154.66861115618292,
   "z": 0.11823709999999867,
   "vx": 41.3252847787944,
   "vy": 15.598662535735775,
   "Theta": -0.06499999999999995,
   "Phi": 0.0,
   "Chi": 0.0,
   "vz": 0.008869999999999807
  }
 ],
 "5": [
  {
   "x": 882.0085105506021,
   "y": 154.82508160038134,
   "z": 0.11832579999999866,
   "vx": 41.3217562320686,
   "vy": 15.584830291275468,
   "Theta": -0.06499999999999995,
   "Phi": 0.0,
   "Chi": 0.0,
   "vz": 0.008869999999999807
  }
 ],
 "6": [
  {
   "x": 882.4217106191591,
   "y": 154.98155202268973,
   "z": 0.11841449999999866,
   "vx": 41.31825747931762,
   "vy": 15.570993668808516,
   "Theta": -0.06499999999999995,
   "Phi": 0.0,
   "Chi": 0.0,
   "vz": 0.008869999999999807
  }
 ],
 "7": [
  {
   "x": 882.8348758490287,
   "y": 155.13802242377636,
   "z": 0.11850319999999866,
   "vx": 41.31478849461142,
   "vy": 15.557152801986463,
   "Theta": -0.06499999999999995,
   "Phi": 0.0,
   "Chi": 0.0,
   "vz": 0.008869999999999807
  }
 ],
 "8": [
  {
   "x": 883.2480065377612,
   "y": 155.29449280430816,
   "z": 0.11859189999999865,
   "vx": 41.311349251889155,
   "vy": 15.543307824199205,
   "Theta": -0.06499999999999995,
   "Phi": 0.0,
   "Chi": 0.0,
   "vz": 0.008869999999999807
  }
 ],
 "9": [
  {
   "x": 883.6611029826454,
   "y": 155.45096316495076,
   "z": 0.11868059999999865,
   "vx": 41.307939724959496,
   "vy": 15.529458868575118,
   "Theta": -0.06499999999999995,
   "Phi": 0.0,
   "Chi": 0.0,
   "vz": 0.008869999999999807
  }
 ],
 "10": [
  {
   "x": 884.0741654807077,
   "y": 155.60743350636852,
   "z": 0.11876929999999865,
   "vx": 41.30455988750098,
   "vy": 15.515606067981185,
   "Theta": -0.06499999999999995,
   "Phi": 0.0,
   "Chi": 0.0,
   "vz": 0.008869999999999807
  }
 ]
}